{
    "3cyxA00": 4.7797999999999998,
    "1q8tA00": 1.6631,
    "3mygA00": 4.4711999999999996,
    "3gy4A00": 3.6850000000000001,
    "3noxA04": 4.5587,
    "3dd0A00": 3.9420999999999999,
    "2xysA00": 2.5478999999999998,
    "2cetA00": 4.0464000000000002,
    "2fvdA00": 4.5396000000000001,
    "1n2vA00": 4.2192999999999996,
    "4dewA00": 5.2408000000000001,
    "3imcA00": 0.90500000000000003,
    "4de1A00": 0.4289,
    "3nq3A00": 4.4141000000000004,
    "3dxgA00": 0.087400000000000005,
    "3ov1A00": 0.1694,
    "2wcaA02": 1.2626999999999999,
    "3oztA00": 0.35060000000000002,
    "1o3fA00": 0.1782,
    "1hfsA00": 1.4418,
    "1n1mA05": 0.48830000000000001,
    "2gssA00": 0.0998,
    "1utoA00": 1.5726,
    "1mq6A00": 5.1898,
    "3mfvA00": 0.52929999999999999,
    "1lbkB00": 0.22589999999999999,
    "3kv2A00": 0.76629999999999998,
    "2wegA00": 1.9486000000000001,
    "2jduC00": 0.27389999999999998,
    "3zsoB00": 4.2770999999999999,
    "3gbbA00": 0.31990000000000002,
    "3l4uA02": 3.1602999999999999,
    "3bfuA00": 0.093399999999999997,
    "2g70A00": 4.7117000000000004,
    "3acwA00": 5.4104000000000001,
    "2zxdA01": 0.75990000000000002,
    "2d1oA00": 2.6787000000000001,
    "2cbjA02": 0.72430000000000005,
    "2yfeA00": 4.4103000000000003,
    "3owjA00": 1.1687000000000001,
    "2r23A00": 3.2342,
    "4djvA00": 1.528,
    "4de2A00": 3.4548999999999999,
    "1bcuH00": 4.8244999999999996,
    "2qmjA02": 7.3982999999999999,
    "4g8mA00": 0.15559999999999999,
    "1ps3A01": 3.1113,
    "2zx6A01": 3.8454000000000002,
    "2obfA00": 1.6168,
    "2vvnA02": 0.65159999999999996,
    "3uo4A00": 7.3533999999999997,
    "1gpkA01": 1.004,
    "4djrB00": 6.3479000000000001,
    "1vsoA00": 2.9140999999999999,
    "3kgpA00": 3.6312000000000002,
    "1f8cA00": 0.0901,
    "2wtvA00": 5.0370999999999997,
    "3e93A00": 2.6909999999999998,
    "1zeaH00": 11.754899999999999,
    "1igjD00": 3.3412999999999999,
    "3vd4A01": 1.452,
    "3nw9A00": 0.1198,
    "2hb1A00": 3.5461,
    "1e66A01": 5.1086,
    "2vo5A03": 2.3241999999999998,
    "3g2zA00": 0.087099999999999997,
    "3lkaA00": 0.44209999999999999,
    "1f8bA00": 0.13819999999999999,
    "1f8dA00": 0.1434,
    "3f3aA00": 1.9838,
    "1yc1A00": 0.058900000000000001,
    "2x8zA00": 0.1421,
    "3su5A00": 7.7535999999999996,
    "3bpcA00": 0.10249999999999999,
    "3ge7A00": 4.5834999999999999,
    "3b68A00": 0.85140000000000005,
    "2v7aA00": 7.2195999999999998,
    "2zcrA00": 2.1070000000000002,
    "1r5yA00": 2.4255,
    "1os0A00": 0.22620000000000001,
    "3fv1A00": 0.2288,
    "3b3wA00": 3.5676999999999999,
    "2d3uA02": 0.54190000000000005,
    "2qbrA00": 2.6976,
    "2xbvA00": 0.44779999999999998,
    "3pe2A00": 3.1006,
    "1kelL00": 3.0543,
    "2qftA01": 1.2522,
    "3jvsA00": 4.2869000000000002,
    "2ymdB00": 4.1692,
    "3pwwA00": 6.7470999999999997,
    "3coyA00": 0.14979999999999999,
    "3muz101": 1.3331,
    "3b3sA00": 0.77080000000000004,
    "2xy9A00": 6.8486000000000002,
    "3ehyA00": 0.46100000000000002,
    "3s8oA00": 0.1222,
    "2y5hA00": 2.1871,
    "3bkkA00": 0.39450000000000002,
    "3kwaA00": 4.3156999999999996,
    "3d4zA01": 0.25490000000000002,
    "1lolA00": 0.66949999999999998,
    "3l4wA02": 3.3820999999999999,
    "3ejrA02": 2.8746,
    "1w3lA00": 6.7039,
    "3f3eA00": 0.079399999999999998,
    "2xb8A00": 2.8273999999999999,
    "3n86A00": 2.4033000000000002,
    "3vh9A00": 2.0373000000000001,
    "2ygeA00": 0.63039999999999996,
    "3utuH00": 1.1739999999999999,
    "3f80A00": 0.23799999999999999,
    "4gidA00": 0.70169999999999999,
    "2vw5A00": 0.13159999999999999,
    "3su2A00": 7.0441000000000003,
    "2zjwA00": 3.5525000000000002,
    "3n7aA00": 0.56940000000000002,
    "2x97A00": 6.4134000000000002,
    "3hucA00": 2.2890999999999999,
    "3gnwA01": 0.56040000000000001,
    "2xhmA00": 0.34789999999999999,
    "2qbpA00": 2.7336,
    "2ykiA00": 7.7793000000000001,
    "3ivgB00": 0.80649999999999999,
    "3oe5A00": 0.71579999999999999,
    "2w66A02": 0.24979999999999999,
    "1loqA00": 0.31340000000000001,
    "2x00A00": 5.0328999999999997,
    "1z95A00": 0.1419,
    "3ag9B00": 14.291,
    "2p4yA00": 5.4779999999999998,
    "2v00A00": 0.45419999999999999,
    "1p1qC00": 0.2419,
    "2zcqA00": 1.5249999999999999,
    "2votA03": 2.0036999999999998,
    "3uexA00": 4.9954000000000001,
    "1w3kA00": 5.3975999999999997,
    "2pq9A01": 0.30420000000000003,
    "2j62A02": 1.1335,
    "3i3bA01": 2.6576,
    "1h23A01": 9.4385999999999992,
    "3su3A00": 7.7854000000000001,
    "2xdlA00": 0.17949999999999999,
    "2jdyA00": 0.39929999999999999,
    "1o5bB00": 0.26860000000000001,
    "3g0wA00": 0.67930000000000001,
    "3l3nA00": 2.9411999999999998,
    "2zwzA01": 2.7296999999999998,
    "3gcsA00": 3.2208999999999999,
    "2jdmB00": 0.112,
    "1oytH00": 0.3604,
    "1hnnA00": 4.0076000000000001,
    "1slnA00": 5.4409999999999998,
    "4gqqA01": 3.5337000000000001,
    "3udhA00": 1.1477999999999999,
    "3fcqA00": 2.9838,
    "1nvqA00": 3.9752999999999998,
    "3ueuA00": 5.5029000000000003,
    "3zsxB00": 4.6228999999999996,
    "1w4oA00": 0.122,
    "3fk1A01": 0.45069999999999999,
    "3cj2A02": 0.057500000000000002,
    "10gsA00": 0.34289999999999998,
    "2oleA00": 5.8703000000000003,
    "3f17A00": 0.34789999999999999,
    "2x0yA02": 1.47,
    "1q8uA00": 1.925,
    "2pcpB00": 3.1842000000000001,
    "3uriA00": 8.6758000000000006,
    "1sqaA00": 1.7905,
    "4desA00": 2.1964999999999999,
    "3cftA00": 4.1433999999999997,
    "3pxfA00": 3.008,
    "2iwxA00": 0.29849999999999999,
    "3f3cA00": 0.056300000000000003,
    "1jyqA00": 1.8292999999999999,
    "1xd0A01": 6.9484000000000004,
    "1a30A00": 5.3968999999999996,
    "2xnbA00": 0.88870000000000005,
    "2brbA00": 4.2973999999999997,
    "1u1bA00": 5.1284999999999998,
    "3u9qA00": 0.98129999999999995,
    "4tmnE00": 0.63629999999999998,
    "1lorA00": 0.34849999999999998,
    "1u33A01": 4.1132999999999997
}