{
    "3cyxA00": 4.913566373909721,
    "1q8tA00": 2.705908722489442,
    "3mygA00": 5.544408544230243,
    "3gy4A00": 4.178297150634455,
    "3noxA04": 6.052210571412256,
    "3dd0A00": 4.343915076863268,
    "2xysA00": 3.024810787933685,
    "2cetA00": 4.55660461163992,
    "2fvdA00": 5.358724209548388,
    "1n2vA00": 4.640159246189725,
    "4dewA00": 6.293832770373595,
    "3imcA00": 1.0427630306938476,
    "2j78A00": null,
    "4de1A00": 0.542544607663137,
    "3nq3A00": 5.276552205749509,
    "3dxgA00": 0.10719921152872817,
    "3ov1A00": 0.19801945685744515,
    "2wcaA02": 1.5292318511084066,
    "3oztA00": 0.39911485896313303,
    "1z95A00": 0.17444339265612566,
    "1hfsA00": 4.9881001872147985,
    "1n1mA05": 0.9898158763965468,
    "2gssA00": 0.11620301880307343,
    "1utoA00": 1.2219788555181028,
    "1mq6A00": 6.603660339686198,
    "3mfvA00": 0.9808450908821903,
    "1lbkB00": 1.3308692505276387,
    "3kv2A00": 1.573698172299885,
    "2wegA00": 2.1182996330676516,
    "2jduC00": 0.5805299209917323,
    "3zsoB00": 5.957699389769815,
    "3gbbA00": 0.8062960853323191,
    "3l4uA02": 3.720448327028735,
    "3bfuA00": 0.11526566777087838,
    "2g70A00": 5.713081487020235,
    "3acwA00": 6.345059556927136,
    "2zxdA01": 1.2521965274402151,
    "2d1oA00": 3.0347502328957168,
    "1qi0A00": null,
    "2cbjA02": 1.7397631937709215,
    "2yfeA00": 6.499504589274479,
    "3owjA00": 1.4077317339471696,
    "2r23A00": 4.1302654422134735,
    "3g2nA01": null,
    "3ao4A00": null,
    "4de2A00": 4.1783328495046925,
    "1bcuH00": 2.7185346607823484,
    "2qmjA02": 8.495868171191967,
    "4g8mA00": 0.2090379331604677,
    "1ps3A01": 3.7251343288699,
    "2zx6A01": 4.698895464982525,
    "2x0yA02": 1.8194423174881549,
    "2vvnA02": 0.923225462035141,
    "3uo4A00": 7.484115698160222,
    "1gpkA01": 1.1375841578147576,
    "4djrB00": 7.620707310775031,
    "1vsoA00": 4.13777615289041,
    "3kgpA00": 4.5636710897537895,
    "1f8cA00": 0.10879203095815428,
    "2wtvA00": 5.657368744909806,
    "3l7bA01": null,
    "3e93A00": 3.5533985444086347,
    "1zeaH00": 11.331189867107007,
    "1igjD00": 3.9889124918412993,
    "3vd4A01": 1.9947194830351458,
    "3nw9A00": 0.15372690669529912,
    "2hb1A00": 3.7794527599905257,
    "1e66A01": 6.05656940803007,
    "3mssA00": null,
    "2vo5A03": 2.7549789278685965,
    "4djvA00": 2.4706364117224067,
    "3g2zA00": 0.1027415315619368,
    "3lkaA00": 0.5369332065847047,
    "1f8bA00": 0.15964382230452856,
    "1f8dA00": 0.5723864708394146,
    "3f3aA00": 2.738513291307286,
    "1yc1A00": 0.6309227862601114,
    "2x8zA00": 0.15360790995258075,
    "3su5A00": 9.60879557597847,
    "3bpcA00": 0.12010310414389809,
    "3ge7A00": 5.03880445030977,
    "3b68A00": 1.6508436799054813,
    "2v7aA00": 7.898896734173883,
    "2zcrA00": 3.2348971234470065,
    "1r5yA00": 2.7874629748489657,
    "1os0A00": 0.28570528771545595,
    "3fv1A00": 0.2601513231801462,
    "3b3wA00": 3.814747939539679,
    "2d3uA02": 0.647076472096414,
    "2qbrA00": 3.5588458167641934,
    "2xbvA00": 1.348315948487017,
    "3pe2A00": 4.027518329423983,
    "1kelL00": 3.6801020511015365,
    "2qftA01": 1.3775443691583946,
    "3jvsA00": 5.2330117256700275,
    "2ymdB00": 4.866055412912852,
    "3pwwA00": 7.610513297151675,
    "3coyA00": 0.188214560130616,
    "3muz101": 1.9287478917681276,
    "3b3sA00": 1.1319696678307642,
    "2xy9A00": 7.495032969593538,
    "3ehyA00": 0.5087050046585998,
    "3s8oA00": 0.14200427667712892,
    "2y5hA00": 3.0083578212984805,
    "3bkkA00": 0.4759970421826874,
    "3kwaA00": 2.9938342286391593,
    "3k5vA00": null,
    "3d4zA01": 0.3037729050740755,
    "1lolA00": 1.4374586331729107,
    "3l4wA02": 3.9799073303102355,
    "3ejrA02": 2.955575809956497,
    "1w3lA00": 8.110569373085037,
    "3f3eA00": 0.09183878991653324,
    "2xb8A00": 3.6042853842840525,
    "3n86A00": 3.1093276421256992,
    "3vh9A00": 2.3687664325167614,
    "2ygeA00": 1.2824223696777899,
    "3utuH00": 1.3052758447359176,
    "3f80A00": 0.2881455766332944,
    "4gidA00": 0.8745804302270719,
    "2vw5A00": 0.7687434286982014,
    "3su2A00": 7.995506797889552,
    "2zjwA00": 4.3222909322698095,
    "3n7aA00": 0.6702776918312792,
    "2x97A00": 7.029869381683376,
    "3hucA00": 2.8210423687524253,
    "3gnwA01": 0.6519616832020395,
    "2xhmA00": 2.508904070532617,
    "2qbpA00": 3.593486472547014,
    "2ykiA00": 9.675717490936357,
    "3ivgB00": 1.479065022701609,
    "3oe5A00": 2.387169438288111,
    "2w66A02": 1.5084862085050696,
    "1loqA00": 0.37248247066456863,
    "2x00A00": 5.750372759292288,
    "2vl4A01": null,
    "3ag9B00": 15.337424620004764,
    "2p4yA00": 6.145600511239728,
    "2v00A00": 1.1319811675774467,
    "1p1qC00": 0.274344627458576,
    "2zcqA00": 2.3646419903232703,
    "2votA03": 2.5848842019957625,
    "3uexA00": 5.763228057304344,
    "1w3kA00": 6.24036046772483,
    "2pq9A01": 0.37250998500519583,
    "2j62A02": 2.127222592350741,
    "3i3bA01": 2.979377245191798,
    "1h23A01": 10.081777484595108,
    "3su3A00": 9.689347792253372,
    "2xdlA00": 0.5255966662993595,
    "2jdyA00": 0.6467717752273743,
    "1o5bB00": 0.32080050714519676,
    "3g0wA00": 0.8315357974855925,
    "3l3nA00": 4.723857888832908,
    "2wbgA00": null,
    "2zwzA01": 3.519160153952455,
    "3gcsA00": 3.9691938817519987,
    "2jdmB00": 0.13197582480641426,
    "1oytH00": 0.665293639179974,
    "1hnnA00": 4.456818705646438,
    "1slnA00": 5.71453251361324,
    "1o3fA00": 0.21454545718798154,
    "4gqqA01": 4.786982688569769,
    "3udhA00": 1.2732036373427684,
    "3fcqA00": 3.4183005460107143,
    "1nvqA00": 4.880759406986672,
    "3ueuA00": 6.0875490463849955,
    "3zsxB00": 4.917971056118928,
    "1w4oA00": 0.13739328326273564,
    "3fk1A01": 1.1540486042624032,
    "3cj2A02": 0.07068555958138356,
    "10gsA00": 0.41511095267446646,
    "2oleA00": 7.117099849845207,
    "3f17A00": 0.45586706500073126,
    "2obfA00": 2.04471380712399,
    "1q8uA00": 2.913112117494092,
    "2pcpB00": 3.433179518803719,
    "3uriA00": 11.1774672352633,
    "1sqaA00": 2.4934612116235066,
    "4desA00": 2.676411896944351,
    "3cftA00": 4.86943874507114,
    "3pxfA00": 3.8543598677342006,
    "2iwxA00": 0.9046770473489415,
    "3f3cA00": 0.07363431474314301,
    "1jyqA00": 3.0200965479693873,
    "1xd0A01": 8.253454330378059,
    "1a30A00": 5.448683669227613,
    "2xnbA00": 1.3360033176660957,
    "2brbA00": 5.345943608606436,
    "1u1bA00": 5.398408308573781,
    "3ebpA02": null,
    "3u9qA00": 1.5054679269804012,
    "4tmnE00": 2.1398792158281585,
    "1lorA00": 0.40869275690358714,
    "1u33A01": 5.249967113971076
}