{
    "3cyxA00": 6.693828355680037,
    "1q8tA00": 2.8034565999454633,
    "3mygA00": 7.523519973611644,
    "3gy4A00": 5.307484935258884,
    "3noxA04": 7.934042745212377,
    "3dd0A00": 4.440091291783875,
    "2xysA00": 3.492299671964019,
    "2cetA00": 6.770969060394397,
    "2fvdA00": 5.707155620096581,
    "1n2vA00": 4.742968836850326,
    "4dewA00": 6.372683978289121,
    "3imcA00": 5.173769100164615,
    "2j78A00": null,
    "4de1A00": 3.361711841555158,
    "3nq3A00": 6.144389755907416,
    "3dxgA00": 0.6359351307139671,
    "3ov1A00": 2.7932689368425323,
    "2wcaA02": 3.8959895432497134,
    "3oztA00": 3.100331197708379,
    "1z95A00": 3.1476311867158464,
    "1hfsA00": 5.03917700020778,
    "1n1mA05": 2.102212186998889,
    "2gssA00": 1.9755251801403144,
    "1utoA00": 2.7898566211665186,
    "1mq6A00": 7.407456956319234,
    "3mfvA00": 1.1141420838819986,
    "1lbkB00": 1.491440018405031,
    "3kv2A00": 1.6306794460694387,
    "2wegA00": 2.9949077352611844,
    "2jduC00": 0.9773999420230532,
    "3zsoB00": 6.126007759414699,
    "3gbbA00": 1.4300530827365974,
    "3l4uA02": 4.862239295698676,
    "3bfuA00": 0.5584823221612906,
    "2g70A00": 6.643950514365179,
    "3acwA00": 6.817674495645229,
    "2zxdA01": 3.8477250433427117,
    "2d1oA00": 3.771409981490324,
    "1qi0A00": null,
    "2cbjA02": 3.4068211321993407,
    "2yfeA00": 9.993631767620817,
    "3owjA00": 1.6175785748192533,
    "2r23A00": 8.957745708013181,
    "3g2nA01": null,
    "3ao4A00": null,
    "4de2A00": 5.527358661769049,
    "1bcuH00": 3.2444797729181483,
    "2qmjA02": 10.655242149161733,
    "4g8mA00": 0.7513564999386106,
    "1ps3A01": 4.357455393847997,
    "2zx6A01": 8.516839359053137,
    "2x0yA02": 2.2663560936740135,
    "2vvnA02": 2.089363653573738,
    "3uo4A00": 7.884300265696073,
    "1gpkA01": 3.738431390154015,
    "4djrB00": 9.873248652634551,
    "1vsoA00": 4.442962277740896,
    "3kgpA00": 4.7628889332001005,
    "1f8cA00": 0.13352898374510283,
    "2wtvA00": 6.086935533245145,
    "3l7bA01": null,
    "3e93A00": 5.8708504846839284,
    "1zeaH00": 11.782596575549164,
    "1igjD00": 8.897025501210457,
    "3vd4A01": 3.343041333077811,
    "3nw9A00": 3.6864940162493287,
    "2hb1A00": 4.226701172140211,
    "1e66A01": 7.049826713236763,
    "3mssA00": null,
    "2vo5A03": 3.00608868906092,
    "4djvA00": 4.423186932921944,
    "3g2zA00": 0.9720945720057678,
    "3lkaA00": 2.0736528092555258,
    "1f8bA00": 0.13775860045746674,
    "1f8dA00": 0.6009585222791998,
    "3f3aA00": 2.6729163824058046,
    "1yc1A00": 1.1595405306509223,
    "2x8zA00": 2.657047544066265,
    "3su5A00": 10.33172404728491,
    "3bpcA00": 3.4914641911560547,
    "3ge7A00": 5.269139379297301,
    "3b68A00": 4.079895499531425,
    "2v7aA00": 8.153294615097103,
    "2zcrA00": 3.4375530146041795,
    "1r5yA00": 3.2772282181511487,
    "1os0A00": 1.2584185185041923,
    "3fv1A00": 1.7925487421147417,
    "3b3wA00": 4.323162795916898,
    "2d3uA02": 2.4223542753249747,
    "2qbrA00": 3.940743343719739,
    "2xbvA00": 2.0369142325668337,
    "3pe2A00": 4.17537366568274,
    "1kelL00": 8.337769744075294,
    "2qftA01": 3.776597351320366,
    "3jvsA00": 7.065418527471203,
    "2ymdB00": 5.828291753625981,
    "3pwwA00": 7.7488605849966286,
    "3coyA00": 0.7366896359237176,
    "3muz101": 3.027615752370172,
    "3b3sA00": 2.163817872290652,
    "2xy9A00": 7.551532792569658,
    "3ehyA00": 1.40130039711019,
    "3s8oA00": 3.1967581980855275,
    "2y5hA00": 3.637999036203742,
    "3bkkA00": 1.4113773832875303,
    "3kwaA00": 3.1411914503667466,
    "3k5vA00": null,
    "3d4zA01": 2.0023617046948745,
    "1lolA00": 2.6718604184787296,
    "3l4wA02": 5.270299421691876,
    "3ejrA02": 5.451312152427158,
    "1w3lA00": 10.596979251492497,
    "3f3eA00": 0.21326750025886781,
    "2xb8A00": 5.552654608710716,
    "3n86A00": 4.846033495864786,
    "3vh9A00": 3.373675515059071,
    "2ygeA00": 2.6981077739779034,
    "3utuH00": 4.105433377284201,
    "3f80A00": 0.47014703019374704,
    "4gidA00": 2.229001279029443,
    "2vw5A00": 2.259528253247173,
    "3su2A00": 8.671038082583182,
    "2zjwA00": 4.4600833806413,
    "3n7aA00": 6.081074525525896,
    "2x97A00": 7.554007898168246,
    "3hucA00": 6.421029853334074,
    "3gnwA01": 1.5870825399570003,
    "2xhmA00": 7.369695935566318,
    "2qbpA00": 5.85270284701055,
    "2ykiA00": 10.710759193048391,
    "3ivgB00": 1.5639718550690975,
    "3oe5A00": 3.8233266863194646,
    "2w66A02": 2.8470064518499076,
    "1loqA00": 1.0135262939714147,
    "2x00A00": 6.099776775180139,
    "2vl4A01": null,
    "3ag9B00": 17.414335154869374,
    "2p4yA00": 8.219321869899002,
    "2v00A00": 3.848627100993288,
    "1p1qC00": 1.1558184739029682,
    "2zcqA00": 3.944470392993208,
    "2votA03": 3.163448313585552,
    "3uexA00": 7.913467835374072,
    "1w3kA00": 7.844812156177755,
    "2pq9A01": 1.2674464017971612,
    "2j62A02": 3.2141322269350123,
    "3i3bA01": 4.149713424442705,
    "1h23A01": 11.381273757202612,
    "3su3A00": 10.466114948052551,
    "2xdlA00": 1.7725857699629106,
    "2jdyA00": 0.5891632737000186,
    "1o5bB00": 2.426892476620446,
    "3g0wA00": 2.328739310943441,
    "3l3nA00": 4.9454465794585,
    "2wbgA00": null,
    "2zwzA01": 5.582703855510638,
    "3gcsA00": 4.659245959380122,
    "2jdmB00": 0.6952543473434741,
    "1oytH00": 2.629237390004942,
    "1hnnA00": 6.009260114190432,
    "1slnA00": 6.012767461470157,
    "1o3fA00": 3.093663644806914,
    "4gqqA01": 7.368698260751352,
    "3udhA00": 3.0165327273212212,
    "3fcqA00": 3.5543352373243744,
    "1nvqA00": 4.918588863462546,
    "3ueuA00": 6.535576285553227,
    "3zsxB00": 5.2260848599343745,
    "1w4oA00": 1.4986608490503086,
    "3fk1A01": 3.8487762724013983,
    "3cj2A02": 1.2485976253381232,
    "10gsA00": 2.8183495187786773,
    "2oleA00": 8.001020037761853,
    "3f17A00": 0.7273318345975567,
    "2obfA00": 5.997628695467539,
    "1q8uA00": 2.9810528454344327,
    "2pcpB00": 4.976403008588521,
    "3uriA00": 11.371640773453121,
    "1sqaA00": 2.806433336047271,
    "4desA00": 2.808319145437636,
    "3cftA00": 4.884645945750145,
    "3pxfA00": 5.404782597363365,
    "2iwxA00": 1.4001398647397094,
    "3f3cA00": 1.3766442898473197,
    "1jyqA00": 4.287249870804941,
    "1xd0A01": 9.010495397984004,
    "1a30A00": 5.856387480678353,
    "2xnbA00": 3.207702115914826,
    "2brbA00": 5.866024865443378,
    "1u1bA00": 8.021658432179034,
    "3ebpA02": null,
    "3u9qA00": 3.843828346410212,
    "4tmnE00": 3.8109613339535326,
    "1lorA00": 1.1226774633964023,
    "1u33A01": 6.29314649729282
}