{
    "3cyxA00": 7.688332515930239,
    "1q8tA00": 2.339123051724965,
    "3mygA00": 9.49543302151092,
    "3gy4A00": 5.237989641551422,
    "3noxA04": 9.279521195371945,
    "3dd0A00": 2.477414174472044,
    "2xysA00": 4.381111902474074,
    "2cetA00": 6.326519867984293,
    "2fvdA00": 7.83121134067606,
    "1n2vA00": 1.7636752947561893,
    "4dewA00": 7.03851896434389,
    "3imcA00": 6.620225848179886,
    "2j78A00": null,
    "4de1A00": 4.578871633359316,
    "3nq3A00": 6.441065461875596,
    "3dxgA00": 0.2176175019221961,
    "3ov1A00": 4.337966750882804,
    "2wcaA02": 5.551003468509762,
    "3oztA00": 4.754388978787169,
    "1z95A00": 5.609339407231234,
    "1hfsA00": 5.0785200005854225,
    "1n1mA05": 2.223972153602648,
    "2gssA00": 3.647148733130985,
    "1utoA00": 4.741691061682998,
    "1mq6A00": 8.54995615734373,
    "3mfvA00": 1.4468756982387414,
    "1lbkB00": 0.4623299341379488,
    "3kv2A00": 1.5978967548520353,
    "2wegA00": 4.651855008586262,
    "2jduC00": 0.8747058786624605,
    "3zsoB00": 7.422739194422036,
    "3gbbA00": 1.9598700786021508,
    "3l4uA02": 7.896961232737795,
    "3bfuA00": 1.1214818188450486,
    "2g70A00": 6.225735411124805,
    "3acwA00": 2.5845081769394085,
    "2zxdA01": 4.808492118204348,
    "2d1oA00": 9.430959284894264,
    "1qi0A00": null,
    "2cbjA02": 3.6053802410286764,
    "2yfeA00": 9.507204266344552,
    "3owjA00": 3.724951206903189,
    "2r23A00": 8.584369551657744,
    "3g2nA01": null,
    "3ao4A00": null,
    "4de2A00": 5.932140484541254,
    "1bcuH00": 2.7977817629552524,
    "2qmjA02": 11.89734610126064,
    "4g8mA00": 0.34286179431368624,
    "1ps3A01": 5.102483964881713,
    "2zx6A01": 8.364757821733395,
    "2x0yA02": 3.27542411265744,
    "2vvnA02": 4.050459724139348,
    "3uo4A00": 7.031602161056846,
    "1gpkA01": 5.720069377687263,
    "4djrB00": null,
    "1vsoA00": 1.9951837202671459,
    "3kgpA00": 4.137522964836021,
    "1f8cA00": 0.1596818884532617,
    "2wtvA00": 6.665247955914582,
    "3l7bA01": null,
    "3e93A00": 9.153250143867815,
    "1zeaH00": 11.555653779693422,
    "1igjD00": 10.671273617445033,
    "3vd4A01": 3.340864327585503,
    "3nw9A00": 6.628637778688215,
    "2hb1A00": 5.365803540477419,
    "1e66A01": 7.057047621552312,
    "3mssA00": null,
    "2vo5A03": 3.2299537661551754,
    "4djvA00": 4.249617137502758,
    "3g2zA00": 1.108779591401145,
    "3lkaA00": 1.5945806475894113,
    "1f8bA00": 0.1228744277707938,
    "1f8dA00": 0.15663577177643592,
    "3f3aA00": 3.124178879428428,
    "1yc1A00": 4.235233619993817,
    "2x8zA00": 0.1359786642928117,
    "3su5A00": 8.767298240621225,
    "3bpcA00": 5.955983309585622,
    "3ge7A00": 4.913027146623713,
    "3b68A00": 6.921049385820603,
    "2v7aA00": 6.874079583395666,
    "2zcrA00": 8.63827134684861,
    "1r5yA00": 0.29299074808180986,
    "1os0A00": 3.2556069595611286,
    "3fv1A00": 2.7527969141359105,
    "3b3wA00": 2.5415688730913173,
    "2d3uA02": 2.479973927058284,
    "2qbrA00": 4.936897900033698,
    "2xbvA00": 8.409190961101894,
    "3pe2A00": 6.430321950457728,
    "1kelL00": 10.059004491607205,
    "2qftA01": 3.3510290419511444,
    "3jvsA00": 8.324064829777178,
    "2ymdB00": 3.6829437781585694,
    "3pwwA00": 5.0831684861282485,
    "3coyA00": 0.2994607626836892,
    "3muz101": 3.0898322243556637,
    "3b3sA00": 2.2864892703298074,
    "2xy9A00": 7.122840303063181,
    "3ehyA00": 2.4463834427218334,
    "3s8oA00": 4.472054223671652,
    "2y5hA00": 4.472356536511531,
    "3bkkA00": 3.866801557058064,
    "3kwaA00": 3.8444432881386468,
    "3k5vA00": null,
    "3d4zA01": 4.854830521317329,
    "1lolA00": 3.9447409461839196,
    "3l4wA02": 5.179279678543285,
    "3ejrA02": 8.428293762084945,
    "1w3lA00": 9.310907021992405,
    "3f3eA00": 0.11419748489154832,
    "2xb8A00": 5.7506079465170865,
    "3n86A00": 5.297678351553795,
    "3vh9A00": 2.9995673554697855,
    "2ygeA00": 7.053844062264915,
    "3utuH00": 8.230477454300248,
    "3f80A00": 0.3304361852158452,
    "4gidA00": 7.337429058020891,
    "2vw5A00": 6.954545160061392,
    "3su2A00": 8.982272751686306,
    "2zjwA00": 2.7050342852809552,
    "3n7aA00": 6.910699227224888,
    "2x97A00": 6.946244670408355,
    "3hucA00": 9.230691003266102,
    "3gnwA01": 2.628972048504544,
    "2xhmA00": 10.427792953669275,
    "2qbpA00": 9.327212840581772,
    "2ykiA00": 9.825274151990097,
    "3ivgB00": 0.428192996286681,
    "3oe5A00": 10.215401416520312,
    "2w66A02": 3.3658889426680436,
    "1loqA00": 0.7755839796719699,
    "2x00A00": 5.985446742251101,
    "2vl4A01": null,
    "3ag9B00": 13.025151261023318,
    "2p4yA00": 8.041919480400809,
    "2v00A00": 6.709918792913966,
    "1p1qC00": 0.43799711625323995,
    "2zcqA00": 5.92725083434133,
    "2votA03": 5.17150072952277,
    "3uexA00": 10.445386705431254,
    "1w3kA00": 6.881030771102332,
    "2pq9A01": 0.7384311958953443,
    "2j62A02": 4.069398790248268,
    "3i3bA01": 2.956890041637215,
    "1h23A01": 10.71563222494491,
    "3su3A00": 9.64273700169063,
    "2xdlA00": 4.070852255056673,
    "2jdyA00": 0.12972788680690323,
    "1o5bB00": 2.195485370026409,
    "3g0wA00": 4.331346901561529,
    "3l3nA00": 4.117348279097712,
    "2wbgA00": null,
    "2zwzA01": 4.582340267628904,
    "3gcsA00": 5.295531700818625,
    "2jdmB00": 1.0890057059079168,
    "1oytH00": 4.2477069648223145,
    "1hnnA00": 5.661609330078203,
    "1slnA00": 6.811824080418652,
    "1o3fA00": 2.254635740247192,
    "4gqqA01": 7.098914797770152,
    "3udhA00": 3.59143119422566,
    "3fcqA00": 3.4175460411780016,
    "1nvqA00": 5.04393859182044,
    "3ueuA00": 7.609058088085354,
    "3zsxB00": 5.133861157779098,
    "1w4oA00": 3.6097488447786716,
    "3fk1A01": 4.870458741946184,
    "3cj2A02": 1.2453896132893068,
    "10gsA00": 3.963323843350771,
    "2oleA00": 8.311717233199566,
    "3f17A00": 0.5569875859948595,
    "2obfA00": 7.7347196434394885,
    "1q8uA00": 2.776566007106293,
    "2pcpB00": 6.128076381296173,
    "3uriA00": 11.302513881984908,
    "1sqaA00": 2.2210789630267533,
    "4desA00": 1.0324599775599819,
    "3cftA00": 4.826999322560548,
    "3pxfA00": 5.139524959936428,
    "2iwxA00": 2.1342152689376626,
    "3f3cA00": 0.22435203964374342,
    "1jyqA00": 8.668249216265245,
    "1xd0A01": 8.8396981517059,
    "1a30A00": 7.206883465879634,
    "2xnbA00": 7.496517920934284,
    "2brbA00": 6.069499357179305,
    "1u1bA00": 8.158452838152154,
    "3ebpA02": null,
    "3u9qA00": 5.6260931502242295,
    "4tmnE00": 8.75687319582611,
    "1lorA00": 0.8306168080518135,
    "1u33A01": 7.124670242603044
}